Sequence,Start,End,Modification,5,30
MNTQYNSSY,1,9,,0.1415,-0.0531
LVATLGGLL,15,23,,0.0233,-0.032
VATLGGLL,16,23,X,0.0262,-0.0576
VATLGGLLF,16,24,X,0.0094,0.0199
ATLGGLL,17,23,,0.0377,-0.1251
FGYDTAV,24,30,,0.0336,0.0276
FGYDTAVISGTVESL,24,38,,-0.6723,-1.2655
TAVISGT,28,34,,-0.5916,-1.1246
TAVISGTVE,28,36,,-0.8519,-1.3251
TAVISGTVESL,28,38,,-1.0108,-1.4728
VISGTVE,30,36,,-0.6549,-1.1995
AVISGTVESL,29,38,,-0.9825,-1.4719
VISGTVESL,30,38,,-0.8311,-1.2221
ISGTVESL,31,38,,-0.3515,-0.7304
SGTVESL,32,38,,-0.3681,-0.8105
ISGTVESLNT,31,40,,-0.5288,-0.7654
VFVAPQNL,41,48,,-0.2155,-0.4337
FVAPQNL,42,48,,-0.1821,-0.3746
VAPQNLSE,43,50,,-0.105,-0.3324
VAPQNLSESAANSLLGF,43,59,,-0.55,-1.443
SESAANSL,49,56,,-0.3736,-1.0256
SESAANSLLG,49,58,,-0.3522,-0.9401
SESAANSLLGF,49,59,,-0.3824,-1.0106
SAANSLLG,51,58,,-0.2511,-0.8102
SAANSLLGF,51,59,,-0.3214,-0.955
VASALIG,61,67,,0.002,-0.0213
IGCIIGGALGG,66,76,,0.1198,0.0733
CIIGGALGG,68,76,,0.0258,0.0206
CIIGGALGGY,68,77,,0.103,-0.0166
IIGGALGG,69,76,,0.0661,0.0382
CIIGGALGGYCSNRF,68,82,,0.3092,0.0467
CIIGGALGGYCSNRFGRRDSL,68,88,,0.1594,0.1302
IGGALGGYCSNRFGRRDS,70,87,,-0.1084,-0.0416
FFISGVG,95,101,,-0.0405,-0.037
FFISGVGSAW,95,104,,-0.006,0.0697
ISGVGSAW,97,104,,0.0599,-0.0628
SAWPELG,102,108,,-0.013,-0.0125
SAWPELGF,102,109,,0.0628,0.0666
FTSINPDNTVPVY,109,121,,0.0446,0.0373
FTSINPDNTVPVYL,109,122,,-0.2408,-0.1338
TSINPDNTVPVYL,110,122,,-0.1314,0.0787
TSINPDNTVPVYLAG,110,124,,-0.1432,-0.179
LAGYVPEF,122,129,,-0.1275,-0.1932
AGYVPEF,123,129,,-0.0022,-0.0465
VIYRIIGGIG,130,139,,0.0211,-0.0102
VIYRIIGGIGVGL,130,142,,0.1545,-0.0288
RIIGGIGVGL,133,142,,0.0314,0.0622
RIIGGIGVGLASM,133,145,,0.0407,0.193
GGIGVGL,136,142,,0.0331,0.0364
VGLASML,140,146,,-0.0264,-0.0223
ASMLSPMY,143,150,,0.0423,-0.1489
IAELAPAHIRGKL,151,163,,-0.0167,-0.1952
ELAPAHIRGKL,153,163,,0.1729,0.0922
LAPAHIRGKL,154,163,,0.2865,-0.0286
PAHIRGKL,156,163,,0.1109,-0.0294
LVYCVNY,177,183,,0.0271,-0.0034
FIARSGDASW,184,193,,-0.1722,-0.2608
FIARSGDASWL,184,194,,-0.2369,-0.3812
LNTDGWRYMF,194,203,,0.0394,0.0489
ASECIPAL,204,211,,0.0101,-0.0194
ASECIPALL,204,212,,-0.032,-0.094
SECIPALL,205,212,,0.0793,0.0113
LYTVPESPRW,217,226,,0.0092,-0.2083
YTVPESPRW,218,226,,-0.0668,-0.2148
YTVPESPRWL,218,227,,-0.2477,-0.2747
ILRKIMGNTL,239,248,,0.0153,-0.0797
RKIMGNTL,241,248,,0.0603,0.0527
RKIMGNTLATQ,241,251,,0.1334,-0.0124
RKIMGNTLATQA,241,252,,0.0464,-0.1209
AVQEIKHSLDHGRKTGGRLLM,252,272,,0.2079,-0.0291
LMFGVGV,271,277,,0.2397,0.1374
VIVIGVM,277,283,,0.0389,0.031
LSIFQQF,284,290,,0.0266,-0.0132
YYAPEVF,298,304,,-0.206,-0.5212
IIVGVIN,319,325,,0.0629,-0.0158
IIVGVINL,319,326,,-0.0221,-0.0741
TVDKFGRKPLQIIGALG,335,351,,0.3967,0.3926
TVDKFGRKPLQIIGALGM,335,352,,0.2998,0.3736
TVDKFGRKPLQIIGALGMA,335,353,,0.7422,0.4857
GRKPLQIIGALG,340,351,,0.4907,0.5162
IIGALGM,346,352,,-0.0169,0.0402
IIGALGMA,346,353,,0.0053,0.0255
ALGMAIGM,349,356,,0.0317,-0.0291
LGMAIGM,350,356,,0.0501,-0.0501
FSLGTAF,357,363,,0.0015,0.006
YTQAPGIV,364,371,,0.0358,-0.2611
YTQAPGIVAL,364,373,,-0.0044,-0.2976
FAMSWGPVCW,383,392,,0.0447,0.0309
AMSWGPVC,384,391,,-0.0643,0.1226
LSEIFPNAIRGKALA,395,409,,0.833,1.1254
LAIAVAAQ,408,415,,0.2153,0.2741
IAVAAQW,410,416,,0.0026,-0.0099
AQWLANY,414,420,,0.059,0.0032
YFVSWTF,420,426,,-0.0029,-0.0615
VSWTFPMM,422,429,,0.0269,0.0288
PMMDKNSW,427,434,,0.122,0.0472
PMMDKNSWL,427,435,,0.0357,0.0701
LVAHFHNGF,435,443,,0.0054,-0.1098
LVAHFHNGFSY,435,445,,-0.0385,-0.0585
VAHFHNGFSY,436,445,,0.0374,-0.056
VAHFHNGFSYW,436,446,,-0.0093,-0.0344
SYWIYGCM,444,451,,-0.0554,-0.0242
YWIYGCM,445,451,,0.0199,0.0318
FMWKFVPETKGKTL,458,471,,0.1106,-0.1225
FMWKFVPETKGKTLE,458,472,,0.1042,-0.0499
MWKFVPETKGKTL,459,471,,0.0937,-0.0361
FMWKFVPETKGKTLEE,458,473,,0.2563,0.1602
FMWKFVPETKGKTLEEL,458,474,,0.7221,0.3196
MWKFVPETKGKTLEE,459,473,,0.356,0.246
MWKFVPETKGKTLEEL,459,474,,0.6635,0.2187
WKFVPETKGKTLEEL,460,474,,0.717,0.6091
LWEPETKKTQQ,477,487,,0.2362,-0.0128
LWEPETKKTQQTATL,477,491,,0.049,-0.1627
WEPETKKTQQTATL,478,491,,0.1328,0.1532
EPETKKTQQTATL,479,491,,0.1199,-0.0341
PETKKTQQTATL,480,491,,-0.0318,-0.1057